dataset,scope,duplicated_rows,duplicate_groups
factchecks/FakeNewsSet,full_row,2,1
factchecks/FakeNewsSet,title,0,0
factchecks/FakeNewsSet,text,0,0
factchecks/FakeNewsSet,url,10,4
factchecks/FakeRecogna,full_row,0,0
factchecks/FakeRecogna,title,0,0
factchecks/FakeRecogna,text,0,0
factchecks/FakeRecogna,url,350,124
factchecks/central_de_fatos,full_row,0,0
factchecks/central_de_fatos,title,0,0
factchecks/central_de_fatos,text,0,0
factchecks/central_de_fatos,url,0,0
factchecks/fact_check_tweet_pt,full_row,0,0
factchecks/fact_check_tweet_pt,title,0,0
factchecks/fact_check_tweet_pt,text,0,0
factchecks/fact_check_tweet_pt,url,218,80
factchecks/fakebr,full_row,0,0
factchecks/fakebr,title,0,0
factchecks/fakebr,text,4,2
factchecks/fakebr,url,34,17
fakerecogna/original,full_row,0,0
fakerecogna/original,title,470,182
fakerecogna/original,text,32,16
fakerecogna/original,url,352,125
