dataset,column,missing_count,missing_percent
factchecks/FakeNewsSet,dataset,0,0.0
factchecks/FakeNewsSet,review_id,0,0.0
factchecks/FakeNewsSet,review_url,0,0.0
factchecks/FakeNewsSet,review_domain,0,0.0
factchecks/FakeNewsSet,claim_ids,0,0.0
factchecks/FakeNewsSet,is_fake,0,0.0
factchecks/FakeNewsSet,raw_label,0,0.0
factchecks/FakeNewsSet,label_semantic,0,0.0
factchecks/FakeNewsSet,text,598,100.0
factchecks/FakeNewsSet,title,598,100.0
factchecks/FakeNewsSet,author,598,100.0
factchecks/FakeNewsSet,url,0,0.0
factchecks/FakeNewsSet,date_raw,598,100.0
factchecks/FakeNewsSet,date_parsed,598,100.0
factchecks/FakeNewsSet,domain,0,0.0
factchecks/FakeRecogna,dataset,0,0.0
factchecks/FakeRecogna,review_id,0,0.0
factchecks/FakeRecogna,review_text,30,0.255
factchecks/FakeRecogna,review_author,3076,26.128
factchecks/FakeRecogna,review_url,0,0.0
factchecks/FakeRecogna,review_domain,0,0.0
factchecks/FakeRecogna,review_date,367,3.117
factchecks/FakeRecogna,category,0,0.0
factchecks/FakeRecogna,is_fake,0,0.0
factchecks/FakeRecogna,raw_label,0,0.0
factchecks/FakeRecogna,label_semantic,0,0.0
factchecks/FakeRecogna,text,30,0.255
factchecks/FakeRecogna,title,11773,100.0
factchecks/FakeRecogna,author,3076,26.128
factchecks/FakeRecogna,url,0,0.0
factchecks/FakeRecogna,date_raw,367,3.117
factchecks/FakeRecogna,date_parsed,898,7.628
factchecks/FakeRecogna,domain,0,0.0
factchecks/central_de_fatos,dataset,0,0.0
factchecks/central_de_fatos,review_id,0,0.0
factchecks/central_de_fatos,review_text,4,0.038
factchecks/central_de_fatos,review_author,10461,100.0
factchecks/central_de_fatos,review_url,0,0.0
factchecks/central_de_fatos,review_domain,0,0.0
factchecks/central_de_fatos,review_date,0,0.0
factchecks/central_de_fatos,category,2987,28.554
factchecks/central_de_fatos,is_fake,0,0.0
factchecks/central_de_fatos,raw_label,0,0.0
factchecks/central_de_fatos,label_semantic,0,0.0
factchecks/central_de_fatos,text,4,0.038
factchecks/central_de_fatos,title,10461,100.0
factchecks/central_de_fatos,author,10461,100.0
factchecks/central_de_fatos,url,0,0.0
factchecks/central_de_fatos,date_raw,0,0.0
factchecks/central_de_fatos,date_parsed,0,0.0
factchecks/central_de_fatos,domain,0,0.0
factchecks/fact_check_tweet_pt,dataset,0,0.0
factchecks/fact_check_tweet_pt,review_id,0,0.0
factchecks/fact_check_tweet_pt,review_url,0,0.0
factchecks/fact_check_tweet_pt,review_domain,0,0.0
factchecks/fact_check_tweet_pt,claim_ids,0,0.0
factchecks/fact_check_tweet_pt,is_fake,0,0.0
factchecks/fact_check_tweet_pt,raw_label,0,0.0
factchecks/fact_check_tweet_pt,label_semantic,0,0.0
factchecks/fact_check_tweet_pt,text,656,100.0
factchecks/fact_check_tweet_pt,title,656,100.0
factchecks/fact_check_tweet_pt,author,656,100.0
factchecks/fact_check_tweet_pt,url,0,0.0
factchecks/fact_check_tweet_pt,date_raw,656,100.0
factchecks/fact_check_tweet_pt,date_parsed,656,100.0
factchecks/fact_check_tweet_pt,domain,0,0.0
factchecks/fakebr,dataset,0,0.0
factchecks/fakebr,claim_text,0,0.0
factchecks/fakebr,claim_author,3601,50.014
factchecks/fakebr,claim_url,0,0.0
factchecks/fakebr,claim_date,0,0.0
factchecks/fakebr,category,0,0.0
factchecks/fakebr,is_fake,0,0.0
factchecks/fakebr,raw_label,0,0.0
factchecks/fakebr,label_semantic,0,0.0
factchecks/fakebr,text,0,0.0
factchecks/fakebr,title,7200,100.0
factchecks/fakebr,author,3601,50.014
factchecks/fakebr,url,0,0.0
factchecks/fakebr,date_raw,0,0.0
factchecks/fakebr,date_parsed,3,0.042
factchecks/fakebr,domain,0,0.0
fakerecogna/original,dataset,0,0.0
fakerecogna/original,Titulo,31,0.26
fakerecogna/original,Subtitulo,6323,53.121
fakerecogna/original,Noticia,1,0.008
fakerecogna/original,Categoria,1,0.008
fakerecogna/original,Data,352,2.957
fakerecogna/original,Autor,165,1.386
fakerecogna/original,URL,1,0.008
fakerecogna/original,Classe,1,0.008
fakerecogna/original,raw_label,1,0.008
fakerecogna/original,label_semantic,1,0.008
fakerecogna/original,title,31,0.26
fakerecogna/original,subtitle,6323,53.121
fakerecogna/original,text,1,0.008
fakerecogna/original,author,165,1.386
fakerecogna/original,url,1,0.008
fakerecogna/original,domain,1,0.008
fakerecogna/original,date_raw,352,2.957
fakerecogna/original,date_parsed,661,5.553
fakerecogna/original,category,1,0.008
