dataset,left_index,right_index,similarity,left_label,right_label,label_conflict
factchecks/FakeRecogna,10,2554,0.9617868545006516,not_fake,not_fake,False
factchecks/FakeRecogna,288,9675,0.9694749471339876,not_fake,not_fake,False
factchecks/FakeRecogna,593,599,0.9740285370647264,fake,fake,False
factchecks/FakeRecogna,594,593,0.9670396651573622,fake,fake,False
factchecks/FakeRecogna,595,593,0.9729872336376916,fake,fake,False
factchecks/FakeRecogna,598,593,0.9691750742510868,fake,fake,False
factchecks/FakeRecogna,600,593,0.9716491489655364,fake,fake,False
factchecks/FakeRecogna,728,7797,0.9608485008079064,fake,fake,False
factchecks/FakeRecogna,898,2695,0.9637778094747846,fake,fake,False
factchecks/FakeRecogna,1112,10729,0.9840993965117476,fake,fake,False
factchecks/FakeRecogna,1162,9706,0.9686812616693702,not_fake,not_fake,False
factchecks/FakeRecogna,1244,1898,0.9621466846017132,fake,fake,False
factchecks/FakeRecogna,1440,3053,0.9884343495358644,fake,fake,False
factchecks/FakeRecogna,1800,10971,0.9705934173716638,not_fake,not_fake,False
factchecks/FakeRecogna,2143,1162,0.9625224087396744,not_fake,not_fake,False
factchecks/FakeRecogna,2492,3407,0.9766411325552836,fake,fake,False
factchecks/FakeRecogna,2537,4659,0.9935169730082244,fake,fake,False
factchecks/FakeRecogna,2574,7755,0.9872628733659776,fake,fake,False
factchecks/FakeRecogna,2828,7753,0.9936956893810248,fake,fake,False
factchecks/FakeRecogna,3072,3950,0.9613156232647924,not_fake,not_fake,False
factchecks/FakeRecogna,3193,5552,0.9714249643261208,not_fake,not_fake,False
factchecks/FakeRecogna,3195,6320,0.9605508114945936,not_fake,not_fake,False
factchecks/FakeRecogna,3829,7070,0.9692091248011814,fake,fake,False
factchecks/FakeRecogna,3923,8198,0.9929257422966972,fake,fake,False
factchecks/FakeRecogna,3924,9095,0.9999713639594584,fake,fake,False
factchecks/FakeRecogna,3949,9587,0.9820287745674215,fake,fake,False
factchecks/FakeRecogna,4312,4313,0.9602915441492156,fake,fake,False
factchecks/FakeRecogna,4936,9320,0.9627900484962808,not_fake,not_fake,False
factchecks/FakeRecogna,4958,10070,0.962330791207148,not_fake,not_fake,False
factchecks/FakeRecogna,6175,7292,0.96365266664286,not_fake,not_fake,False
factchecks/FakeRecogna,6228,7758,0.9731282324328876,fake,fake,False
factchecks/FakeRecogna,6897,7883,0.9754852200566392,fake,fake,False
factchecks/FakeRecogna,7657,11234,0.9714900071092448,not_fake,not_fake,False
factchecks/FakeRecogna,7791,8743,0.9638201379245626,fake,fake,False
factchecks/FakeRecogna,8012,8013,0.968852776541634,fake,fake,False
factchecks/FakeRecogna,8297,11721,0.970826897127874,fake,fake,False
factchecks/FakeRecogna,8299,10389,0.9734401707829226,fake,fake,False
factchecks/FakeRecogna,9826,10213,0.9738347388785537,fake,not_fake,True
factchecks/FakeRecogna,10549,11250,0.997983328263827,fake,fake,False
factchecks/FakeRecogna,10971,11466,0.9833197131392324,not_fake,not_fake,False
factchecks/FakeRecogna,11725,11726,0.9610512177924762,fake,fake,False
factchecks/central_de_fatos,12,758,0.9976580991320844,fake,fake,False
factchecks/central_de_fatos,14,763,0.9998071419243328,fake,fake,False
factchecks/central_de_fatos,16,766,0.9837525237481762,fake,fake,False
factchecks/central_de_fatos,17,769,0.9972411221956572,fake,fake,False
factchecks/central_de_fatos,18,774,0.9959279084488708,fake,fake,False
factchecks/central_de_fatos,19,779,0.9969771468691928,fake,fake,False
factchecks/central_de_fatos,28,789,0.990423222264312,fake,fake,False
factchecks/central_de_fatos,39,588,0.995647840163218,fake,fake,False
factchecks/central_de_fatos,41,590,0.9951794270739608,fake,fake,False
factchecks/central_de_fatos,81,633,0.9881924381364676,fake,fake,False
factchecks/central_de_fatos,94,8305,0.9786282481773342,fake,fake,False
factchecks/central_de_fatos,131,624,0.9908076822425534,fake,fake,False
factchecks/central_de_fatos,138,844,0.994332039576372,fake,fake,False
factchecks/central_de_fatos,142,935,0.990269507179415,fake,fake,False
factchecks/central_de_fatos,143,705,0.9967401083494752,fake,fake,False
factchecks/central_de_fatos,146,713,0.998724822277492,fake,fake,False
factchecks/central_de_fatos,147,715,0.9952473730780088,fake,fake,False
factchecks/central_de_fatos,149,717,0.9990457608702396,fake,fake,False
factchecks/central_de_fatos,150,723,0.9981309805864584,fake,fake,False
factchecks/central_de_fatos,151,725,0.9895023734600408,fake,fake,False
factchecks/central_de_fatos,152,726,0.9931858934713516,fake,fake,False
factchecks/central_de_fatos,153,727,0.9969547650622864,fake,fake,False
factchecks/central_de_fatos,157,729,0.9881777696691704,fake,fake,False
factchecks/central_de_fatos,158,730,0.9917506147030598,fake,fake,False
factchecks/central_de_fatos,159,731,0.9968519323361184,fake,fake,False
factchecks/central_de_fatos,161,732,0.9975779118309536,not_fake,fake,True
factchecks/central_de_fatos,162,733,0.9970616106938968,fake,fake,False
factchecks/central_de_fatos,163,734,0.9995874646729924,fake,fake,False
factchecks/central_de_fatos,165,735,0.9974181668000188,fake,fake,False
factchecks/central_de_fatos,166,736,0.996612709986265,fake,fake,False
factchecks/central_de_fatos,212,850,0.997819717048076,fake,fake,False
factchecks/central_de_fatos,219,853,0.990662188039789,fake,fake,False
factchecks/central_de_fatos,223,854,0.9721634658191192,fake,fake,False
factchecks/central_de_fatos,233,881,0.9905809088518608,fake,fake,False
factchecks/central_de_fatos,244,884,0.9981795936048048,fake,fake,False
factchecks/central_de_fatos,245,886,0.9976527578092408,fake,fake,False
factchecks/central_de_fatos,246,891,0.9872739679073248,fake,fake,False
factchecks/central_de_fatos,247,893,0.9998518523489937,fake,fake,False
factchecks/central_de_fatos,249,901,0.9962192507184928,fake,fake,False
factchecks/central_de_fatos,250,900,0.9919218298794,fake,fake,False
factchecks/central_de_fatos,251,903,0.9989395730776788,fake,fake,False
factchecks/central_de_fatos,253,912,0.998285408745243,fake,fake,False
factchecks/central_de_fatos,255,916,0.9960621047083448,fake,fake,False
factchecks/central_de_fatos,256,918,0.9958989214658024,fake,fake,False
factchecks/central_de_fatos,261,926,0.9963193208237336,fake,fake,False
factchecks/central_de_fatos,263,914,0.9984647128559738,fake,fake,False
factchecks/central_de_fatos,264,930,0.9992020939911264,fake,fake,False
factchecks/central_de_fatos,266,934,0.9983201299507872,fake,fake,False
factchecks/central_de_fatos,271,618,0.9948423917595056,fake,fake,False
factchecks/central_de_fatos,272,619,0.9845287499455864,fake,fake,False
factchecks/central_de_fatos,273,620,0.9906152863195312,fake,fake,False
factchecks/central_de_fatos,274,621,0.9965511699949366,fake,fake,False
factchecks/central_de_fatos,279,479,0.99540299500294,fake,fake,False
factchecks/central_de_fatos,280,480,0.9963158268585324,fake,fake,False
factchecks/central_de_fatos,281,481,0.9972760243254796,fake,fake,False
factchecks/central_de_fatos,284,483,0.9948191931510896,fake,fake,False
factchecks/central_de_fatos,287,487,0.9910982069679406,fake,fake,False
factchecks/central_de_fatos,290,488,0.9933383669415377,fake,fake,False
factchecks/central_de_fatos,293,489,0.9903272302656536,fake,fake,False
factchecks/central_de_fatos,296,490,0.9976969377687182,fake,fake,False
factchecks/central_de_fatos,297,491,0.9988985681918692,fake,fake,False
factchecks/central_de_fatos,299,492,0.9977172857663626,fake,fake,False
factchecks/central_de_fatos,300,493,0.9966920090882638,fake,fake,False
factchecks/central_de_fatos,303,406,0.9965456895909692,fake,fake,False
factchecks/central_de_fatos,304,410,0.9981165990817654,fake,fake,False
factchecks/central_de_fatos,306,412,0.9933125977182906,fake,fake,False
factchecks/central_de_fatos,307,414,0.994782681891502,fake,fake,False
factchecks/central_de_fatos,308,415,0.995625674657596,fake,fake,False
factchecks/central_de_fatos,311,425,0.9990984183268624,fake,fake,False
factchecks/central_de_fatos,312,428,0.9962153087962728,fake,fake,False
factchecks/central_de_fatos,317,382,0.9923640926128208,fake,fake,False
factchecks/central_de_fatos,318,387,0.9962132826943992,fake,fake,False
factchecks/central_de_fatos,354,846,0.9985439306518956,fake,fake,False
factchecks/central_de_fatos,355,847,0.9988957616936543,fake,fake,False
factchecks/central_de_fatos,357,848,0.9983615103104054,fake,fake,False
factchecks/central_de_fatos,360,849,0.9960212787713588,fake,fake,False
factchecks/central_de_fatos,2586,6010,0.9613414388757244,fake,fake,False
factchecks/central_de_fatos,3731,5826,0.985342596955306,fake,fake,False
factchecks/central_de_fatos,3780,5968,0.9730757093048006,fake,fake,False
factchecks/central_de_fatos,4223,6037,0.9618365578707054,fake,fake,False
factchecks/central_de_fatos,4266,7116,0.9664220759752208,fake,fake,False
factchecks/fakebr,823,3195,0.9722531398623402,fake,fake,False
factchecks/fakebr,1066,3099,0.9620529274723162,fake,fake,False
factchecks/fakebr,3099,3392,0.9972882186712376,fake,fake,False
factchecks/fakebr,3602,3714,0.9996188412339444,not_fake,not_fake,False
factchecks/fakebr,3822,5488,0.9856600128292624,not_fake,not_fake,False
factchecks/fakebr,4031,4032,0.974366394047752,not_fake,not_fake,False
factchecks/fakebr,4066,7111,0.9751280026438338,not_fake,not_fake,False
factchecks/fakebr,4067,5355,0.9934724134713576,not_fake,not_fake,False
factchecks/fakebr,4109,6621,0.9897409896321768,not_fake,not_fake,False
factchecks/fakebr,4255,5930,0.9921322583351322,not_fake,not_fake,False
factchecks/fakebr,4304,5823,0.9904523131689924,not_fake,not_fake,False
factchecks/fakebr,4446,6488,1.0,not_fake,not_fake,False
factchecks/fakebr,4472,4850,0.9640078589097356,not_fake,not_fake,False
factchecks/fakebr,4473,5380,0.9835477015013722,not_fake,not_fake,False
factchecks/fakebr,4661,5297,0.9772080894174155,not_fake,not_fake,False
factchecks/fakebr,4829,6047,0.9653978387774754,not_fake,not_fake,False
factchecks/fakebr,4881,5744,0.99683501311952,not_fake,not_fake,False
factchecks/fakebr,5061,5858,0.9887564583006928,not_fake,not_fake,False
factchecks/fakebr,5080,5784,0.96918752513518,not_fake,not_fake,False
factchecks/fakebr,5102,6322,0.98070861682963,not_fake,not_fake,False
factchecks/fakebr,5267,6188,0.9971270013905944,not_fake,not_fake,False
factchecks/fakebr,5278,5849,0.993734518699702,not_fake,not_fake,False
factchecks/fakebr,5414,6584,0.9853177808342678,not_fake,not_fake,False
factchecks/fakebr,5562,6813,0.976551008270817,not_fake,not_fake,False
factchecks/fakebr,5959,5975,0.992568114565384,not_fake,not_fake,False
factchecks/fakebr,5996,6056,0.9780732517329944,not_fake,not_fake,False
factchecks/fakebr,6189,6621,0.9800824762984852,not_fake,not_fake,False
factchecks/fakebr,6377,6629,0.9875477493529888,not_fake,not_fake,False
factchecks/fakebr,6488,6488,1.0,not_fake,not_fake,False
factchecks/fakebr,6496,6948,0.9896246537776028,not_fake,not_fake,False
factchecks/fakebr,6569,6606,0.9968790106447584,not_fake,not_fake,False
factchecks/fakebr,6769,6857,1.0,not_fake,not_fake,False
factchecks/fakebr,6787,6849,0.9730501327640424,not_fake,not_fake,False
factchecks/fakebr,6857,6857,1.0,not_fake,not_fake,False
factchecks/fakebr,6926,6932,0.9864385656430432,not_fake,not_fake,False
factchecks/fakebr,6940,6926,0.9745540451965532,not_fake,not_fake,False
fakerecogna/original,10,2585,0.9875789473682616,real,real,False
fakerecogna/original,145,5392,0.9782930344539492,real,real,False
fakerecogna/original,295,9784,0.9803263884579556,real,real,False
fakerecogna/original,340,4461,0.9785944262004136,fake,fake,False
fakerecogna/original,373,2756,0.9999999999999996,fake,fake,False
fakerecogna/original,379,11654,1.0,fake,fake,False
fakerecogna/original,679,9887,1.0,fake,fake,False
fakerecogna/original,738,7887,0.9685184863924672,fake,fake,False
fakerecogna/original,804,7680,1.0,fake,fake,False
fakerecogna/original,855,8008,0.98698970666822,fake,fake,False
fakerecogna/original,911,2730,1.0,fake,fake,False
fakerecogna/original,919,6759,1.0,fake,fake,False
fakerecogna/original,1129,10849,0.9945890896093276,fake,fake,False
fakerecogna/original,1179,2171,0.9860439185411588,real,real,False
fakerecogna/original,1183,5392,0.9700896939108842,real,real,False
fakerecogna/original,1425,7911,0.9788696430421912,fake,fake,False
fakerecogna/original,1460,3091,0.9849980305528364,fake,fake,False
fakerecogna/original,1823,11091,0.9765157242295768,real,real,False
fakerecogna/original,1934,8195,0.9943392947724148,fake,fake,False
fakerecogna/original,2057,3504,0.9848148316452142,fake,fake,False
fakerecogna/original,2108,8221,0.9649563980953112,fake,fake,False
fakerecogna/original,2152,6725,0.9706598599131728,fake,fake,False
fakerecogna/original,2388,4570,1.0,fake,fake,False
fakerecogna/original,2523,3449,0.978224214853632,fake,fake,False
fakerecogna/original,2568,4712,0.9737558354351395,fake,fake,False
fakerecogna/original,2605,7845,0.9663012602852444,fake,fake,False
fakerecogna/original,2730,2730,1.0,fake,fake,False
fakerecogna/original,2756,2756,0.9999999999999996,fake,fake,False
fakerecogna/original,2865,7843,0.9826128853817676,fake,fake,False
fakerecogna/original,2867,3256,0.9779176738067492,real,real,False
fakerecogna/original,2967,5298,0.9999999999999998,fake,fake,False
fakerecogna/original,3110,3996,0.9643744259215686,real,real,False
fakerecogna/original,3233,5611,0.9870269195133592,real,real,False
fakerecogna/original,3235,6387,0.9736468809389888,real,real,False
fakerecogna/original,3273,11672,1.0,fake,fake,False
fakerecogna/original,3874,7146,0.9969258816111785,fake,fake,False
fakerecogna/original,3968,8291,0.987101936557938,fake,fake,False
fakerecogna/original,3969,9197,0.9998947832191204,fake,fake,False
fakerecogna/original,3995,9693,0.966072563354624,fake,fake,False
fakerecogna/original,4537,6387,0.971204379920914,real,real,False
fakerecogna/original,4570,4570,1.0,fake,fake,False
fakerecogna/original,4708,10881,0.9864191653985028,fake,fake,False
fakerecogna/original,4994,9424,0.988353151755008,real,real,False
fakerecogna/original,5016,10184,0.98443399547929,real,real,False
fakerecogna/original,5298,5298,0.9999999999999998,fake,fake,False
fakerecogna/original,5344,8158,1.0,fake,fake,False
fakerecogna/original,6146,7743,0.9860029140261708,real,real,False
fakerecogna/original,6174,6979,0.9844231394291076,fake,fake,False
fakerecogna/original,6294,7848,1.0,fake,fake,False
fakerecogna/original,6503,11172,0.9864683033355586,fake,fake,False
fakerecogna/original,6759,6759,1.0,fake,fake,False
fakerecogna/original,6829,11873,1.0,fake,fake,False
fakerecogna/original,6971,7973,0.9884514088258556,fake,fake,False
fakerecogna/original,7085,8036,0.9769524119903286,fake,fake,False
fakerecogna/original,7680,7680,1.0,fake,fake,False
fakerecogna/original,7743,11357,0.9912131662316848,real,real,False
fakerecogna/original,7848,7848,1.0,fake,fake,False
fakerecogna/original,7881,8842,0.9861828707032017,fake,fake,False
fakerecogna/original,7966,5392,0.9719243611392973,real,real,False
fakerecogna/original,8154,8702,0.9668120940339948,fake,fake,False
fakerecogna/original,8158,8158,1.0,fake,fake,False
fakerecogna/original,8346,6387,0.9730253928943824,real,real,False
fakerecogna/original,8390,11850,0.969978931987586,fake,fake,False
fakerecogna/original,8392,10507,0.9719271963171872,fake,fake,False
fakerecogna/original,9246,9460,1.0,fake,fake,False
fakerecogna/original,9460,9460,1.0,fake,fake,False
fakerecogna/original,9815,1179,0.9744902034599612,real,real,False
fakerecogna/original,9887,9887,1.0,fake,fake,False
fakerecogna/original,9936,10330,0.9688692630340002,fake,real,True
fakerecogna/original,10667,11373,0.9887448929892166,fake,fake,False
fakerecogna/original,11091,11592,0.9872049720411964,real,real,False
fakerecogna/original,11330,2585,0.9826415968447376,real,real,False
fakerecogna/original,11649,3256,0.9774752355070744,real,real,False
fakerecogna/original,11654,11654,1.0,fake,fake,False
fakerecogna/original,11672,11672,1.0,fake,fake,False
fakerecogna/original,11873,11873,1.0,fake,fake,False
