path,bytes,sha256,source_url
data/raw/factchecks/CITATION.cff,743,e6317871e3a304d5339cc2dbefcbe621887dce76cfe385824eec6bec9614ebe1,https://github.com/fake-news-UFG/FactChecks.br
data/raw/factchecks/LICENSE,1070,c8c56b99ea2d2304721898818daa32fbb7a709951f28ee25fb81211ea4212342,https://github.com/fake-news-UFG/FactChecks.br
data/raw/factchecks/README.md,6021,6fdb8534d4c47bcbfd23a8e308153ee9ba22dc55a4af03f16badc842e250132c,https://github.com/fake-news-UFG/FactChecks.br
data/raw/factchecks/builders/FakeNewsSet.py,5574,a46c4a31bfc3bd8e163514aa00ed9225046f072b84a738a50cd2dfd7d7f00d16,https://github.com/fake-news-UFG/FactChecks.br
data/raw/factchecks/builders/builder.py,8047,52ec4b73f34ca2b70a00f6c56b0a4c50566f23167fe58509af8a08a5e861bc2b,https://github.com/fake-news-UFG/FactChecks.br
data/raw/factchecks/builders/fakebr.py,7476,e8acdb22b897c2f49e2477f0f89e045935fe240895aae8ef7819794f07065a2c,https://github.com/fake-news-UFG/FactChecks.br
data/raw/factchecks/process.ipynb,240104,f47fb9a4a52b79f82f0eaa5b5d60ed8d6c65c42ca5fe0019fc6cfbc7f335c535,https://github.com/fake-news-UFG/FactChecks.br
data/raw/factchecks_hf/FactChecksbr.py,12953,0a4d9eaa63d13a24c9a880e5dd412b3e8d67d1c3373bded0cd624315768ff6db,https://github.com/fake-news-UFG/FactChecks.br/releases/tag/v0.1
data/raw/factchecks_hf/FactChecksbr.zip,40450581,035faf96dcb851e166c330af4636689669b5ff032c46bec109178669317c31b3,https://github.com/fake-news-UFG/FactChecks.br/releases/tag/v0.1
data/raw/factchecks_hf/README.md,885,7540e3e23d1a8f6ca5c98ff8902d821454e037e165aad8574e8bc6a785c9cc13,https://github.com/fake-news-UFG/FactChecks.br/releases/tag/v0.1
data/raw/factchecks_hf/release_v0.1/data/FakeNewsSet.tsv,702113,9204979f0d78de29d8ad438069174d2bdc8bf14739413c6bab7c8c834bb64e73,https://github.com/fake-news-UFG/FactChecks.br/releases/tag/v0.1
data/raw/factchecks_hf/release_v0.1/data/FakeRecogna.tsv,11359688,b993f230fbf5312f25fbb2cbc43f6399db80b6e37d5d987a5e793cd0c2cbf731,https://github.com/fake-news-UFG/FactChecks.br/releases/tag/v0.1
data/raw/factchecks_hf/release_v0.1/data/central_de_fatos.tsv,44320419,1b3c964b0f33b9b9845af4f11afd2ac4b623489535aa2e5cbf6cce324bad12c0,https://github.com/fake-news-UFG/FactChecks.br/releases/tag/v0.1
data/raw/factchecks_hf/release_v0.1/data/fact_check_tweet_pt.tsv,101960,eb183aa4060992de2c78ff865a8dfb775c7ffb24e40f05f066a88476c34c59d2,https://github.com/fake-news-UFG/FactChecks.br/releases/tag/v0.1
data/raw/factchecks_hf/release_v0.1/data/fake_br.tsv,30224044,008bc1dc97fcf08b0cb12504d5390d16f620be8476ffaa767cef1cb1a48e98c5,https://github.com/fake-news-UFG/FactChecks.br/releases/tag/v0.1
data/raw/factchecks_hf/release_v0.1/data/fakebr.tsv,30224044,008bc1dc97fcf08b0cb12504d5390d16f620be8476ffaa767cef1cb1a48e98c5,https://github.com/fake-news-UFG/FactChecks.br/releases/tag/v0.1
data/raw/fakerecogna/FakeRecogna.csv,11399591,282110d0390a6dff37fedf43a22b3e61b97e30381bf96dacaa668ed45d3c4407,https://huggingface.co/datasets/recogna-nlp/FakeRecogna
data/raw/fakerecogna/README.md,4627,68aed7b769eda0332afb606d479b96dd204d07ec54341b94da5b998ee95cc1aa,https://huggingface.co/datasets/recogna-nlp/FakeRecogna
