dataset,label_semantic,n_characters_median,n_characters_q25,n_characters_q75,n_words_median,n_words_q25,n_words_q75,n_sentences_median,n_sentences_q25,n_sentences_q75,title_length_median,title_length_q25,title_length_q75,n_exclamations_median,n_exclamations_q25,n_exclamations_q75,n_questions_median,n_questions_q25,n_questions_q75,n_urls_median,n_urls_q25,n_urls_q75,n_numbers_median,n_numbers_q25,n_numbers_q75,uppercase_percent_median,uppercase_percent_q25,uppercase_percent_q75
factchecks/FakeRecogna,fake,618.0,410.0,873.75,96.0,64.25,135.0,1.0,1.0,2.0,0.0,0.0,0.0,0.0,0.0,0.0,0.0,0.0,0.0,0.0,0.0,0.0,1.0,0.0,2.0,1.4836795252225519,0.7006377943280429,2.2601326455416357
factchecks/FakeRecogna,not_fake,738.0,584.5,916.0,110.0,87.0,136.0,1.0,1.0,1.0,0.0,0.0,0.0,0.0,0.0,0.0,0.0,0.0,0.0,0.0,0.0,0.0,1.0,0.0,3.0,0.5813953488372093,0.3227542623007743,1.015228426395939
factchecks/central_de_fatos,fake,3450.0,2629.0,4494.0,587.0,444.0,760.0,24.0,18.0,31.0,0.0,0.0,0.0,0.0,0.0,2.0,1.0,0.0,2.0,0.0,0.0,0.0,10.0,6.0,18.0,4.026677633650246,3.2659781505298904,5.027566353588153
factchecks/central_de_fatos,not_fake,3376.0,2163.0,5617.0,554.0,360.0,917.0,24.0,13.0,39.0,0.0,0.0,0.0,0.0,0.0,0.0,0.0,0.0,1.0,0.0,0.0,0.0,15.0,8.0,30.0,4.186915887850467,3.6790189282857906,5.038759689922481
factchecks/central_de_fatos,other,1820.0,1068.25,2460.5,294.5,181.25,412.0,12.5,8.25,18.75,0.0,0.0,0.0,0.0,0.0,0.0,0.0,0.0,1.0,0.0,0.0,0.0,9.0,3.25,14.0,4.308271837032464,3.4440594247835543,5.064270334029296
factchecks/fakebr,fake,952.0,691.75,1348.0,157.0,115.0,223.0,9.0,7.0,12.0,0.0,0.0,0.0,0.0,0.0,1.0,0.0,0.0,1.0,0.0,0.0,0.0,2.0,0.0,4.0,4.437315194050535,3.4866614009620585,5.596897168951816
factchecks/fakebr,not_fake,5580.0,3871.25,8585.75,922.0,645.75,1424.0,42.0,28.0,66.0,0.0,0.0,0.0,0.0,0.0,0.0,0.0,0.0,1.0,0.0,0.0,0.0,13.0,7.0,22.0,3.940800831673532,3.1532339082824916,4.775547832837745
fakerecogna/original,fake,409.0,227.0,577.0,60.0,34.0,84.0,1.0,1.0,1.0,79.0,69.0,91.0,0.0,0.0,0.0,0.0,0.0,0.0,0.0,0.0,0.0,0.0,0.0,1.0,0.0,0.0,0.0
fakerecogna/original,real,626.0,492.0,794.0,91.0,72.0,116.0,1.0,1.0,1.0,73.0,68.0,77.0,0.0,0.0,0.0,0.0,0.0,0.0,0.0,0.0,0.0,1.0,0.0,2.0,0.0,0.0,0.0
